{
    "loss": 0.8466575741767883,
    "accuracy": 0.8362069129943848
}